name,category,location,website
Albert Einstein,"change, deep-thoughts, thinking, world",Demo,https://quotes.toscrape.com/
J.K. Rowling,"abilities, choices",Demo,https://quotes.toscrape.com/
Jane Austen,"aliteracy, books, classic, humor",Demo,https://quotes.toscrape.com/
Marilyn Monroe,"be-yourself, inspirational",Demo,https://quotes.toscrape.com/
André Gide,"life, love",Demo,https://quotes.toscrape.com/
Thomas A. Edison,"edison, failure, inspirational, paraphrased",Demo,https://quotes.toscrape.com/
Eleanor Roosevelt,misattributed-eleanor-roosevelt,Demo,https://quotes.toscrape.com/
Steve Martin,"humor, obvious, simile",Demo,https://quotes.toscrape.com/
Marilyn Monroe,"friends, heartbreak, inspirational, life, love, sisters",Demo,https://quotes.toscrape.com/page/2/
J.K. Rowling,"courage, friends",Demo,https://quotes.toscrape.com/page/2/
Albert Einstein,"simplicity, understand",Demo,https://quotes.toscrape.com/page/2/
Bob Marley,love,Demo,https://quotes.toscrape.com/page/2/
Dr. Seuss,fantasy,Demo,https://quotes.toscrape.com/page/2/
Douglas Adams,"life, navigation",Demo,https://quotes.toscrape.com/page/2/
Elie Wiesel,"activism, apathy, hate, indifference, inspirational, love, opposite, philosophy",Demo,https://quotes.toscrape.com/page/2/
Friedrich Nietzsche,"friendship, lack-of-friendship, lack-of-love, love, marriage, unhappy-marriage",Demo,https://quotes.toscrape.com/page/2/
Mark Twain,"books, contentment, friends, friendship, life",Demo,https://quotes.toscrape.com/page/2/
Allen Saunders,"fate, life, misattributed-john-lennon, planning, plans",Demo,https://quotes.toscrape.com/page/2/
Pablo Neruda,"love, poetry",Demo,https://quotes.toscrape.com/page/3/
Ralph Waldo Emerson,happiness,Demo,https://quotes.toscrape.com/page/3/
Mother Teresa,attributed-no-source,Demo,https://quotes.toscrape.com/page/3/
Garrison Keillor,"humor, religion",Demo,https://quotes.toscrape.com/page/3/
Jim Henson,humor,Demo,https://quotes.toscrape.com/page/3/
Dr. Seuss,"comedy, life, yourself",Demo,https://quotes.toscrape.com/page/3/
Albert Einstein,"children, fairy-tales",Demo,https://quotes.toscrape.com/page/3/
J.K. Rowling,N/A,Demo,https://quotes.toscrape.com/page/3/
Bob Marley,music,Demo,https://quotes.toscrape.com/page/3/
Dr. Seuss,"learning, reading, seuss",Demo,https://quotes.toscrape.com/page/4/
J.K. Rowling,dumbledore,Demo,https://quotes.toscrape.com/page/4/
Bob Marley,friendship,Demo,https://quotes.toscrape.com/page/4/
Mother Teresa,"misattributed-to-mother-teresa, paraphrased",Demo,https://quotes.toscrape.com/page/4/
Charles M. Schulz,"chocolate, food, humor",Demo,https://quotes.toscrape.com/page/4/
William Nicholson,"misattributed-to-c-s-lewis, reading",Demo,https://quotes.toscrape.com/page/4/
Albert Einstein,"knowledge, learning, understanding, wisdom",Demo,https://quotes.toscrape.com/page/4/
Jorge Luis Borges,"books, library",Demo,https://quotes.toscrape.com/page/4/
George Eliot,inspirational,Demo,https://quotes.toscrape.com/page/4/
George R.R. Martin,"read, readers, reading, reading-books",Demo,https://quotes.toscrape.com/page/5/
C.S. Lewis,"books, inspirational, reading, tea",Demo,https://quotes.toscrape.com/page/5/
Marilyn Monroe,N/A,Demo,https://quotes.toscrape.com/page/5/
Albert Einstein,"life, simile",Demo,https://quotes.toscrape.com/page/5/
Martin Luther King Jr.,"hope, inspirational",Demo,https://quotes.toscrape.com/page/5/
J.K. Rowling,dumbledore,Demo,https://quotes.toscrape.com/page/5/
James Baldwin,love,Demo,https://quotes.toscrape.com/page/5/
Jane Austen,"friendship, love",Demo,https://quotes.toscrape.com/page/6/
Eleanor Roosevelt,"attributed, fear, inspiration",Demo,https://quotes.toscrape.com/page/6/
Marilyn Monroe,attributed-no-source,Demo,https://quotes.toscrape.com/page/6/
Albert Einstein,music,Demo,https://quotes.toscrape.com/page/6/
Haruki Murakami,"books, thought",Demo,https://quotes.toscrape.com/page/6/
Alexandre Dumas fils,misattributed-to-einstein,Demo,https://quotes.toscrape.com/page/6/
Stephenie Meyer,"drug, romance, simile",Demo,https://quotes.toscrape.com/page/6/
Ernest Hemingway,"books, friends, novelist-quotes",Demo,https://quotes.toscrape.com/page/6/
Helen Keller,inspirational,Demo,https://quotes.toscrape.com/page/6/
George Bernard Shaw,"inspirational, life, yourself",Demo,https://quotes.toscrape.com/page/6/
Charles Bukowski,alcohol,Demo,https://quotes.toscrape.com/page/7/
Suzanne Collins,the-hunger-games,Demo,https://quotes.toscrape.com/page/7/
C.S. Lewis,love,Demo,https://quotes.toscrape.com/page/7/
J.R.R. Tolkien,"bilbo, journey, lost, quest, travel, wander",Demo,https://quotes.toscrape.com/page/7/
J.K. Rowling,live-death-love,Demo,https://quotes.toscrape.com/page/7/
Ernest Hemingway,"good, writing",Demo,https://quotes.toscrape.com/page/7/
Ralph Waldo Emerson,"life, regrets",Demo,https://quotes.toscrape.com/page/7/
Mark Twain,education,Demo,https://quotes.toscrape.com/page/7/
Dr. Seuss,troubles,Demo,https://quotes.toscrape.com/page/7/
Alfred Tennyson,"friendship, love",Demo,https://quotes.toscrape.com/page/8/
Charles Bukowski,humor,Demo,https://quotes.toscrape.com/page/8/
Terry Pratchett,"humor, open-mind, thinking",Demo,https://quotes.toscrape.com/page/8/
Dr. Seuss,"humor, philosophy",Demo,https://quotes.toscrape.com/page/8/
J.D. Salinger,"authors, books, literature, reading, writing",Demo,https://quotes.toscrape.com/page/8/
George Carlin,"humor, insanity, lies, lying, self-indulgence, truth",Demo,https://quotes.toscrape.com/page/8/
John Lennon,"beatles, connection, dreamers, dreaming, dreams, hope, inspirational, peace",Demo,https://quotes.toscrape.com/page/8/
W.C. Fields,"humor, sinister",Demo,https://quotes.toscrape.com/page/8/
Ayn Rand,N/A,Demo,https://quotes.toscrape.com/page/8/
Mark Twain,"books, classic, reading",Demo,https://quotes.toscrape.com/page/8/
Albert Einstein,mistakes,Demo,https://quotes.toscrape.com/page/9/
Jane Austen,"humor, love, romantic, women",Demo,https://quotes.toscrape.com/page/9/
J.K. Rowling,integrity,Demo,https://quotes.toscrape.com/page/9/
C.S. Lewis,"age, fairytales, growing-up",Demo,https://quotes.toscrape.com/page/9/
Mark Twain,"death, life",Demo,https://quotes.toscrape.com/page/9/
J.K. Rowling,truth,Demo,https://quotes.toscrape.com/page/10/
Jimi Hendrix,"death, life",Demo,https://quotes.toscrape.com/page/10/
J.M. Barrie,"adventure, love",Demo,https://quotes.toscrape.com/page/10/
E.E. Cummings,courage,Demo,https://quotes.toscrape.com/page/10/
Khaled Hosseini,life,Demo,https://quotes.toscrape.com/page/10/
Harper Lee,better-life-empathy,Demo,https://quotes.toscrape.com/page/10/
Madeleine L'Engle,"books, children, difficult, grown-ups, write, writers, writing",Demo,https://quotes.toscrape.com/page/10/
Mark Twain,truth,Demo,https://quotes.toscrape.com/page/10/
Dr. Seuss,inspirational,Demo,https://quotes.toscrape.com/page/10/
George R.R. Martin,"books, mind",Demo,https://quotes.toscrape.com/page/10/
